{
    "contact": {
        "phone": "+55 11 1234-5678",
        "email": "contato@cabeleireiro.com"
    },
    "workingDays": [
        {
            "day": "Monday",
            "hours": ["09:00", "12:00", "14:00", "18:00"],
            "specialHours": []
        },
        {
            "day": "Tuesday",
            "hours": ["09:00", "12:00", "14:00", "18:00"],
            "specialHours": []
        },
        {
            "day": "Wednesday",
            "hours": ["09:00", "12:00", "14:00", "18:00"],
            "specialHours": []
        },
        {
            "day": "Thursday",
            "hours": ["09:00", "12:00", "14:00", "18:00"],
            "specialHours": []
        },
        {
            "day": "Friday",
            "hours": ["09:00", "12:00", "14:00", "18:00"],
            "specialHours": []
        },
        {
            "day": "Saturday",
            "hours": ["09:00", "12:00"],
            "specialHours": []
        }
    ],
    "services": {
        "pezinho": {
            "price": 15.0,
            "description": "Corte de cabelo para crianças, com estilo divertido."
        },
        "corte": {
            "price": 30.0,
            "description": "Corte de cabelo masculino ou feminino, com estilo personalizado."
        }
    },
    "capacity": {
        "pezinho": 2,  // Capacidade máxima de atendimentos por horário
        "corte": 3     // Capacidade máxima de atendimentos por horário
    }
}